{
  "features": {
    "axis_aligned_ratio": 0.8152482269503546,
    "ink_ratio": 0.23017578125,
    "line_positions": {
      "horizontal": [],
      "vertical": [
        40,
        130,
        320,
        410,
        600,
        690
      ]
    },
    "long_horizontal_lines": 0,
    "long_vertical_lines": 6,
    "saturated_ratio": 0.09113279592702588,
    "short_horizontal_segments": 1461,
    "short_vertical_segments": 1565,
    "thresholds": {
      "long_h_min": 432,
      "long_v_min": 144
    }
  },
  "scores": {
    "t_3gpp_events_3panel": 3.6000000000000005,
    "t_performance_lineplot": 0.10000000000000009,
    "t_procedure_flow": 0.8999999999999999
  }
}