{
  "features": {
    "axis_aligned_ratio": 0.7501633453119896,
    "ink_ratio": 0.24686197916666666,
    "line_positions": {
      "horizontal": [],
      "vertical": [
        40,
        131,
        320,
        410,
        600,
        690
      ]
    },
    "long_horizontal_lines": 0,
    "long_vertical_lines": 6,
    "saturated_ratio": 0.10607099530565958,
    "short_horizontal_segments": 1320,
    "short_vertical_segments": 1545,
    "thresholds": {
      "long_h_min": 432,
      "long_v_min": 144
    }
  },
  "scores": {
    "t_3gpp_events_3panel": 3.6000000000000005,
    "t_performance_lineplot": 0.7000000000000001,
    "t_procedure_flow": 0.8999999999999999
  }
}