{
  "features": {
    "axis_aligned_ratio": 0.7870685464268352,
    "ink_ratio": 0.21980823863636365,
    "line_positions": {
      "horizontal": [],
      "vertical": [
        20,
        78,
        220,
        278,
        420,
        478
      ]
    },
    "long_horizontal_lines": 0,
    "long_vertical_lines": 6,
    "saturated_ratio": 0.15955281269184787,
    "short_horizontal_segments": 1630,
    "short_vertical_segments": 1767,
    "thresholds": {
      "long_h_min": 288,
      "long_v_min": 99
    }
  },
  "scores": {
    "t_3gpp_events_3panel": 3.6000000000000005,
    "t_performance_lineplot": 0.7000000000000001,
    "t_procedure_flow": 0.8999999999999999
  }
}