{
  "features": {
    "axis_aligned_ratio": 0.7536585365853659,
    "ink_ratio": 0.3134895833333333,
    "line_positions": {
      "horizontal": [],
      "vertical": [
        50,
        154,
        340,
        444,
        630,
        734
      ]
    },
    "long_horizontal_lines": 0,
    "long_vertical_lines": 6,
    "saturated_ratio": 0.06600971922246221,
    "short_horizontal_segments": 1754,
    "short_vertical_segments": 1519,
    "thresholds": {
      "long_h_min": 432,
      "long_v_min": 144
    }
  },
  "scores": {
    "t_3gpp_events_3panel": 3.6000000000000005,
    "t_performance_lineplot": 0.10000000000000009,
    "t_procedure_flow": 0.8999999999999999
  }
}