{
  "features": {
    "axis_aligned_ratio": 0.806157354618016,
    "ink_ratio": 0.24254365079365078,
    "line_positions": {
      "horizontal": [],
      "vertical": [
        40,
        136,
        300,
        396,
        560,
        656
      ]
    },
    "long_horizontal_lines": 0,
    "long_vertical_lines": 6,
    "saturated_ratio": 0.10449763583711,
    "short_horizontal_segments": 1736,
    "short_vertical_segments": 1807,
    "thresholds": {
      "long_h_min": 405,
      "long_v_min": 126
    }
  },
  "scores": {
    "t_3gpp_events_3panel": 3.6000000000000005,
    "t_performance_lineplot": 0.7000000000000001,
    "t_procedure_flow": 0.8999999999999999
  }
}