{
  "features": {
    "axis_aligned_ratio": 0.8021978021978022,
    "ink_ratio": 0.18171875,
    "line_positions": {
      "horizontal": [],
      "vertical": [
        60,
        155,
        340,
        435,
        620,
        715
      ]
    },
    "long_horizontal_lines": 0,
    "long_vertical_lines": 6,
    "saturated_ratio": 0.12095156205216394,
    "short_horizontal_segments": 2295,
    "short_vertical_segments": 2186,
    "thresholds": {
      "long_h_min": 405,
      "long_v_min": 144
    }
  },
  "scores": {
    "t_3gpp_events_3panel": 3.6000000000000005,
    "t_performance_lineplot": 0.7000000000000001,
    "t_procedure_flow": 0.8999999999999999
  }
}