{
  "features": {
    "axis_aligned_ratio": 0.794017094017094,
    "ink_ratio": 0.24310897435897436,
    "line_positions": {
      "horizontal": [],
      "vertical": [
        30,
        124,
        290,
        384,
        550,
        644
      ]
    },
    "long_horizontal_lines": 0,
    "long_vertical_lines": 6,
    "saturated_ratio": 0.12214897824653922,
    "short_horizontal_segments": 1477,
    "short_vertical_segments": 1459,
    "thresholds": {
      "long_h_min": 351,
      "long_v_min": 108
    }
  },
  "scores": {
    "t_3gpp_events_3panel": 3.6000000000000005,
    "t_performance_lineplot": 0.7000000000000001,
    "t_procedure_flow": 0.8999999999999999
  }
}